"Security_Id";"DateofIssue";"DateofExpiry"
"001";"2022-09-20";"2022-11-02"
"002";"2022-09-20";"2023-09-20"
"003";"2022-09-20";"2023-09-20"
"004";"2022-09-20";"2023-09-20"
"005";"2022-09-20";"2023-09-20"
"006";"2022-09-20";"2023-09-20"
"007";"2022-09-20";"2023-09-20"
"sec1";"0000-00-00";"0000-00-00"
"sec10";"0000-00-00";"0000-00-00"
"sec100";"0000-00-00";"0000-00-00"
"sec11";"0000-00-00";"0000-00-00"
"sec12";"0000-00-00";"0000-00-00"
"sec13";"0000-00-00";"0000-00-00"
"sec14";"0000-00-00";"0000-00-00"
"sec15";"0000-00-00";"0000-00-00"
"sec16";"0000-00-00";"0000-00-00"
"sec17";"0000-00-00";"0000-00-00"
"sec18";"0000-00-00";"0000-00-00"
"sec19";"0000-00-00";"0000-00-00"
"sec2";"0000-00-00";"0000-00-00"
"sec20";"0000-00-00";"0000-00-00"
"sec21";"0000-00-00";"0000-00-00"
"sec22";"0000-00-00";"0000-00-00"
"sec23";"0000-00-00";"0000-00-00"
"sec24";"0000-00-00";"0000-00-00"
"sec25";"0000-00-00";"0000-00-00"
"sec26";"0000-00-00";"0000-00-00"
"sec27";"0000-00-00";"0000-00-00"
"sec28";"0000-00-00";"0000-00-00"
"sec29";"0000-00-00";"0000-00-00"
"sec3";"0000-00-00";"0000-00-00"
"sec30";"0000-00-00";"0000-00-00"
"sec31";"0000-00-00";"0000-00-00"
"sec32";"0000-00-00";"0000-00-00"
"sec33";"0000-00-00";"0000-00-00"
"sec34";"0000-00-00";"0000-00-00"
"sec35";"0000-00-00";"0000-00-00"
"sec36";"0000-00-00";"0000-00-00"
"sec37";"0000-00-00";"0000-00-00"
"sec38";"0000-00-00";"0000-00-00"
"sec39";"0000-00-00";"0000-00-00"
"sec4";"0000-00-00";"0000-00-00"
"sec40";"0000-00-00";"0000-00-00"
"sec41";"0000-00-00";"0000-00-00"
"sec42";"0000-00-00";"0000-00-00"
"sec43";"0000-00-00";"0000-00-00"
"sec44";"0000-00-00";"0000-00-00"
"sec45";"0000-00-00";"0000-00-00"
"sec46";"0000-00-00";"0000-00-00"
"sec47";"0000-00-00";"0000-00-00"
"sec48";"0000-00-00";"0000-00-00"
"sec49";"0000-00-00";"0000-00-00"
"sec5";"0000-00-00";"0000-00-00"
"sec50";"0000-00-00";"0000-00-00"
"sec51";"0000-00-00";"0000-00-00"
"sec52";"0000-00-00";"0000-00-00"
"sec53";"0000-00-00";"0000-00-00"
"sec54";"0000-00-00";"0000-00-00"
"sec55";"0000-00-00";"0000-00-00"
"sec56";"0000-00-00";"0000-00-00"
"sec57";"0000-00-00";"0000-00-00"
"sec58";"0000-00-00";"0000-00-00"
"sec59";"0000-00-00";"0000-00-00"
"sec6";"0000-00-00";"0000-00-00"
"sec60";"0000-00-00";"0000-00-00"
"sec61";"0000-00-00";"0000-00-00"
"sec62";"0000-00-00";"0000-00-00"
"sec63";"0000-00-00";"0000-00-00"
"sec64";"0000-00-00";"0000-00-00"
"sec65";"0000-00-00";"0000-00-00"
"sec66";"0000-00-00";"0000-00-00"
"sec67";"0000-00-00";"0000-00-00"
"sec68";"0000-00-00";"0000-00-00"
"sec69";"0000-00-00";"0000-00-00"
"sec7";"0000-00-00";"0000-00-00"
"sec70";"0000-00-00";"0000-00-00"
"sec71";"0000-00-00";"0000-00-00"
"sec72";"0000-00-00";"0000-00-00"
"sec73";"0000-00-00";"0000-00-00"
"sec74";"0000-00-00";"0000-00-00"
"sec75";"0000-00-00";"0000-00-00"
"sec76";"0000-00-00";"0000-00-00"
"sec77";"0000-00-00";"0000-00-00"
"sec78";"0000-00-00";"0000-00-00"
"sec79";"0000-00-00";"0000-00-00"
"sec8";"0000-00-00";"0000-00-00"
"sec80";"0000-00-00";"0000-00-00"
"sec81";"0000-00-00";"0000-00-00"
"sec82";"0000-00-00";"0000-00-00"
"sec83";"0000-00-00";"0000-00-00"
"sec84";"0000-00-00";"0000-00-00"
"sec85";"0000-00-00";"0000-00-00"
"sec86";"0000-00-00";"0000-00-00"
"sec87";"0000-00-00";"0000-00-00"
"sec88";"0000-00-00";"0000-00-00"
"sec89";"0000-00-00";"0000-00-00"
"sec9";"0000-00-00";"0000-00-00"
"sec90";"0000-00-00";"0000-00-00"
"sec91";"0000-00-00";"0000-00-00"
"sec92";"0000-00-00";"0000-00-00"
"sec93";"0000-00-00";"0000-00-00"
"sec94";"0000-00-00";"0000-00-00"
"sec95";"0000-00-00";"0000-00-00"
"sec96";"0000-00-00";"0000-00-00"
"sec97";"0000-00-00";"0000-00-00"
"sec98";"0000-00-00";"0000-00-00"
"sec99";"0000-00-00";"0000-00-00"
