"Shop_Id";"Name";"ShopKpr_Id";"Location";"PrdSer";"License_Id"
"001";"Nescafe";"001";"Acad";"Cafe";"001"
"002";"Nescafe";"001";"Acad";"Cafe";"002"
"003";"Cycle";"003";"Hostel";"Cycle";"003"
"004";"FoodCourt";"002";"Library";"Food";"004"
"005";"Stationary";"004";"Quarters";"Stationary";"005"
"006";"Icecream";"005";"Hostel";"Icecream";"006"
"007";"Saloon";"006";"Hostel";"Hairstyle";"007"
"shop1";"shopname1";"skid88";"HostelArea";"Stationary";"lic1"
"shop10";"shopname10";"skid52";"Faculty Quarters";"Groceries";"lic10"
"shop100";"shopname100";"skid15";"HostelArea";"Groceries";"lic100"
"shop101";"shopname101";"skid82";"Faculty Quarters";"Stationary";"lic101"
"shop102";"shopname102";"skid42";"HostelArea";"Repair";"lic102"
"shop103";"shopname103";"skid17";"Faculty Quarters";"Repair";"lic103"
"shop104";"shopname104";"skid39";"Admin Block";"Snacks";"lic104"
"shop105";"shopname105";"skid61";"Faculty Quarters";"Groceries";"lic105"
"shop106";"shopname106";"skid88";"Sports Complex";"Groceries";"lic106"
"shop107";"shopname107";"skid55";"Admin Block";"Snacks";"lic107"
"shop108";"shopname108";"skid90";"Sports Complex";"Groceries";"lic108"
"shop109";"shopname109";"skid47";"Admin Block";"Repair";"lic109"
"shop11";"shopname11";"skid12";"Sports Complex";"Stationary";"lic11"
"shop110";"shopname110";"skid61";"Sports Complex";"Snacks";"lic110"
"shop111";"shopname111";"skid64";"Faculty Quarters";"Groceries";"lic111"
"shop112";"shopname112";"skid11";"HostelArea";"Groceries";"lic112"
"shop113";"shopname113";"skid74";"Admin Block";"Stationary";"lic113"
"shop114";"shopname114";"skid99";"HostelArea";"Groceries";"lic114"
"shop115";"shopname115";"skid65";"Faculty Quarters";"Snacks";"lic115"
"shop116";"shopname116";"skid46";"Admin Block";"Stationary";"lic116"
"shop117";"shopname117";"skid12";"Sports Complex";"Groceries";"lic117"
"shop118";"shopname118";"skid99";"Admin Block";"Repair";"lic118"
"shop119";"shopname119";"skid88";"Sports Complex";"Snacks";"lic119"
"shop12";"shopname12";"skid81";"Admin Block";"Snacks";"lic12"
"shop120";"shopname120";"skid20";"HostelArea";"Groceries";"lic120"
"shop121";"shopname121";"skid10";"Admin Block";"Groceries";"lic121"
"shop122";"shopname122";"skid74";"Admin Block";"Stationary";"lic122"
"shop123";"shopname123";"skid84";"Faculty Quarters";"Repair";"lic123"
"shop124";"shopname124";"skid96";"Admin Block";"Snacks";"lic124"
"shop125";"shopname125";"skid43";"Sports Complex";"Repair";"lic125"
"shop126";"shopname126";"skid66";"Sports Complex";"Snacks";"lic126"
"shop127";"shopname127";"skid67";"Faculty Quarters";"Repair";"lic127"
"shop128";"shopname128";"skid40";"Admin Block";"Stationary";"lic128"
"shop129";"shopname129";"skid67";"HostelArea";"Groceries";"lic129"
"shop13";"shopname13";"skid28";"Admin Block";"Snacks";"lic13"
"shop130";"shopname130";"skid65";"HostelArea";"Snacks";"lic130"
"shop131";"shopname131";"skid11";"Sports Complex";"Repair";"lic131"
"shop132";"shopname132";"skid5";"Admin Block";"Groceries";"lic132"
"shop133";"shopname133";"skid11";"Admin Block";"Repair";"lic133"
"shop134";"shopname134";"skid8";"Faculty Quarters";"Groceries";"lic134"
"shop135";"shopname135";"skid54";"Admin Block";"Repair";"lic135"
"shop136";"shopname136";"skid27";"Admin Block";"Snacks";"lic136"
"shop137";"shopname137";"skid17";"Faculty Quarters";"Snacks";"lic137"
"shop138";"shopname138";"skid80";"HostelArea";"Repair";"lic138"
"shop139";"shopname139";"skid22";"Faculty Quarters";"Groceries";"lic139"
"shop14";"shopname14";"skid97";"HostelArea";"Stationary";"lic14"
"shop140";"shopname140";"skid39";"HostelArea";"Snacks";"lic140"
"shop141";"shopname141";"skid77";"Admin Block";"Stationary";"lic141"
"shop142";"shopname142";"skid15";"HostelArea";"Stationary";"lic142"
"shop143";"shopname143";"skid85";"Faculty Quarters";"Snacks";"lic143"
"shop144";"shopname144";"skid93";"Admin Block";"Stationary";"lic144"
"shop145";"shopname145";"skid96";"Faculty Quarters";"Groceries";"lic145"
"shop146";"shopname146";"skid55";"Sports Complex";"Groceries";"lic146"
"shop147";"shopname147";"skid75";"Admin Block";"Repair";"lic147"
"shop148";"shopname148";"skid4";"Admin Block";"Snacks";"lic148"
"shop149";"shopname149";"skid67";"Admin Block";"Snacks";"lic149"
"shop15";"shopname15";"skid54";"Sports Complex";"Groceries";"lic15"
"shop150";"shopname150";"skid41";"Admin Block";"Groceries";"lic150"
"shop16";"shopname16";"skid53";"Faculty Quarters";"Stationary";"lic16"
"shop17";"shopname17";"skid43";"Admin Block";"Groceries";"lic17"
"shop18";"shopname18";"skid6";"HostelArea";"Snacks";"lic18"
"shop19";"shopname19";"skid91";"Faculty Quarters";"Groceries";"lic19"
"shop2";"shopname2";"skid3";"Faculty Quarters";"Snacks";"lic2"
"shop20";"shopname20";"skid68";"Sports Complex";"Repair";"lic20"
"shop21";"shopname21";"skid11";"Sports Complex";"Stationary";"lic21"
"shop22";"shopname22";"skid9";"Admin Block";"Snacks";"lic22"
"shop23";"shopname23";"skid8";"HostelArea";"Stationary";"lic23"
"shop24";"shopname24";"skid2";"Faculty Quarters";"Stationary";"lic24"
"shop25";"shopname25";"skid61";"Faculty Quarters";"Repair";"lic25"
"shop26";"shopname26";"skid63";"Admin Block";"Repair";"lic26"
"shop27";"shopname27";"skid37";"Faculty Quarters";"Stationary";"lic27"
"shop28";"shopname28";"skid33";"Sports Complex";"Repair";"lic28"
"shop29";"shopname29";"skid65";"Faculty Quarters";"Repair";"lic29"
"shop3";"shopname3";"skid84";"Sports Complex";"Repair";"lic3"
"shop30";"shopname30";"skid69";"Admin Block";"Repair";"lic30"
"shop31";"shopname31";"skid70";"Sports Complex";"Groceries";"lic31"
"shop32";"shopname32";"skid59";"Admin Block";"Groceries";"lic32"
"shop33";"shopname33";"skid64";"Sports Complex";"Stationary";"lic33"
"shop34";"shopname34";"skid4";"Sports Complex";"Snacks";"lic34"
"shop35";"shopname35";"skid46";"HostelArea";"Snacks";"lic35"
"shop36";"shopname36";"skid29";"Sports Complex";"Snacks";"lic36"
"shop37";"shopname37";"skid82";"Sports Complex";"Repair";"lic37"
"shop38";"shopname38";"skid41";"HostelArea";"Stationary";"lic38"
"shop39";"shopname39";"skid95";"Admin Block";"Snacks";"lic39"
"shop4";"shopname4";"skid16";"Admin Block";"Groceries";"lic4"
"shop40";"shopname40";"skid77";"Faculty Quarters";"Snacks";"lic40"
"shop41";"shopname41";"skid23";"HostelArea";"Stationary";"lic41"
"shop42";"shopname42";"skid87";"Admin Block";"Repair";"lic42"
"shop43";"shopname43";"skid48";"Admin Block";"Groceries";"lic43"
"shop44";"shopname44";"skid100";"Sports Complex";"Repair";"lic44"
"shop45";"shopname45";"skid5";"Sports Complex";"Snacks";"lic45"
"shop46";"shopname46";"skid80";"Faculty Quarters";"Snacks";"lic46"
"shop47";"shopname47";"skid73";"HostelArea";"Groceries";"lic47"
"shop48";"shopname48";"skid34";"Sports Complex";"Repair";"lic48"
"shop49";"shopname49";"skid62";"Admin Block";"Repair";"lic49"
"shop5";"shopname5";"skid55";"Faculty Quarters";"Stationary";"lic5"
"shop50";"shopname50";"skid72";"Admin Block";"Groceries";"lic50"
"shop51";"shopname51";"skid36";"Faculty Quarters";"Stationary";"lic51"
"shop52";"shopname52";"skid75";"Faculty Quarters";"Repair";"lic52"
"shop53";"shopname53";"skid32";"Sports Complex";"Stationary";"lic53"
"shop54";"shopname54";"skid47";"Admin Block";"Snacks";"lic54"
"shop55";"shopname55";"skid56";"Sports Complex";"Snacks";"lic55"
"shop56";"shopname56";"skid40";"Faculty Quarters";"Snacks";"lic56"
"shop57";"shopname57";"skid22";"HostelArea";"Snacks";"lic57"
"shop58";"shopname58";"skid7";"HostelArea";"Groceries";"lic58"
"shop59";"shopname59";"skid18";"Faculty Quarters";"Groceries";"lic59"
"shop6";"shopname6";"skid45";"HostelArea";"Stationary";"lic6"
"shop60";"shopname60";"skid74";"Sports Complex";"Groceries";"lic60"
"shop61";"shopname61";"skid90";"HostelArea";"Groceries";"lic61"
"shop62";"shopname62";"skid93";"Faculty Quarters";"Repair";"lic62"
"shop63";"shopname63";"skid26";"HostelArea";"Stationary";"lic63"
"shop64";"shopname64";"skid57";"HostelArea";"Snacks";"lic64"
"shop65";"shopname65";"skid92";"Faculty Quarters";"Snacks";"lic65"
"shop66";"shopname66";"skid30";"Faculty Quarters";"Snacks";"lic66"
"shop67";"shopname67";"skid50";"HostelArea";"Groceries";"lic67"
"shop68";"shopname68";"skid42";"Sports Complex";"Snacks";"lic68"
"shop69";"shopname69";"skid44";"HostelArea";"Repair";"lic69"
"shop7";"shopname7";"skid99";"Sports Complex";"Snacks";"lic7"
"shop70";"shopname70";"skid66";"Faculty Quarters";"Stationary";"lic70"
"shop71";"shopname71";"skid85";"Sports Complex";"Groceries";"lic71"
"shop72";"shopname72";"skid24";"Faculty Quarters";"Snacks";"lic72"
"shop73";"shopname73";"skid71";"HostelArea";"Stationary";"lic73"
"shop74";"shopname74";"skid78";"HostelArea";"Stationary";"lic74"
"shop75";"shopname75";"skid13";"Faculty Quarters";"Groceries";"lic75"
"shop76";"shopname76";"skid27";"HostelArea";"Repair";"lic76"
"shop77";"shopname77";"skid21";"HostelArea";"Repair";"lic77"
"shop78";"shopname78";"skid67";"HostelArea";"Stationary";"lic78"
"shop79";"shopname79";"skid35";"Faculty Quarters";"Stationary";"lic79"
"shop8";"shopname8";"skid14";"Admin Block";"Repair";"lic8"
"shop80";"shopname80";"skid96";"Faculty Quarters";"Groceries";"lic80"
"shop81";"shopname81";"skid79";"Faculty Quarters";"Snacks";"lic81"
"shop82";"shopname82";"skid31";"Admin Block";"Groceries";"lic82"
"shop83";"shopname83";"skid86";"Sports Complex";"Snacks";"lic83"
"shop84";"shopname84";"skid39";"Faculty Quarters";"Stationary";"lic84"
"shop85";"shopname85";"skid83";"HostelArea";"Stationary";"lic85"
"shop86";"shopname86";"skid17";"Admin Block";"Snacks";"lic86"
"shop87";"shopname87";"skid1";"Admin Block";"Snacks";"lic87"
"shop88";"shopname88";"skid60";"Admin Block";"Stationary";"lic88"
"shop89";"shopname89";"skid19";"Admin Block";"Groceries";"lic89"
"shop9";"shopname9";"skid94";"Admin Block";"Repair";"lic9"
"shop90";"shopname90";"skid58";"HostelArea";"Repair";"lic90"
"shop91";"shopname91";"skid98";"HostelArea";"Repair";"lic91"
"shop92";"shopname92";"skid25";"Faculty Quarters";"Snacks";"lic92"
"shop93";"shopname93";"skid20";"Faculty Quarters";"Groceries";"lic93"
"shop94";"shopname94";"skid38";"Admin Block";"Repair";"lic94"
"shop95";"shopname95";"skid49";"Sports Complex";"Repair";"lic95"
"shop96";"shopname96";"skid89";"Admin Block";"Snacks";"lic96"
"shop97";"shopname97";"skid76";"HostelArea";"Snacks";"lic97"
"shop98";"shopname98";"skid51";"Faculty Quarters";"Repair";"lic98"
"shop99";"shopname99";"skid10";"Admin Block";"Groceries";"lic99"
