"Transaction_Id";"Payment_Id";"Amount"
"003";"002";"150"
"004";"003";"150"
"tr59";"p1";"6"
"tr6";"p1";"1"
"tr88";"p1";"8"
"tr98";"p1";"3"
"tr100";"p10";"4"
"tr16";"p10";"7"
"tr24";"p10";"2"
"tr30";"p10";"8"
"tr31";"p10";"4"
"tr32";"p10";"10"
"tr45";"p10";"8"
"tr61";"p10";"6"
"tr63";"p10";"1"
"tr7";"p10";"8"
"tr2";"p11";"6"
"tr21";"p11";"6"
"tr34";"p11";"6"
"tr65";"p11";"7"
"tr77";"p11";"10"
"tr20";"p12";"6"
"tr39";"p12";"6"
"tr9";"p12";"4"
"tr90";"p12";"4"
"tr94";"p12";"10"
"tr99";"p12";"4"
"tr3";"p13";"10"
"tr42";"p13";"6"
"tr47";"p13";"4"
"tr60";"p13";"10"
"tr12";"p14";"4"
"tr27";"p14";"7"
"tr38";"p14";"4"
"tr56";"p14";"4"
"tr67";"p14";"9"
"tr82";"p14";"6"
"tr10";"p15";"9"
"tr22";"p15";"10"
"tr37";"p15";"4"
"tr48";"p15";"9"
"tr71";"p15";"9"
"tr85";"p15";"6"
"tr35";"p2";"7"
"tr4";"p2";"6"
"tr50";"p2";"4"
"tr52";"p2";"9"
"tr62";"p2";"2"
"tr87";"p2";"1"
"tr11";"p3";"8"
"tr29";"p3";"9"
"tr80";"p3";"2"
"tr91";"p3";"9"
"tr15";"p4";"6"
"tr23";"p4";"6"
"tr36";"p4";"3"
"tr44";"p4";"1"
"tr51";"p4";"10"
"tr58";"p4";"6"
"tr69";"p4";"4"
"tr70";"p4";"10"
"tr86";"p4";"2"
"tr89";"p4";"7"
"tr14";"p5";"9"
"tr19";"p5";"4"
"tr33";"p5";"9"
"tr40";"p5";"6"
"tr46";"p5";"7"
"tr68";"p5";"8"
"tr17";"p6";"3"
"tr54";"p6";"7"
"tr57";"p6";"4"
"tr72";"p6";"6"
"tr75";"p6";"4"
"tr78";"p6";"35"
"tr8";"p6";"7"
"tr97";"p6";"7"
"tr13";"p7";"10"
"tr43";"p7";"2"
"tr49";"p7";"8"
"tr53";"p7";"6"
"tr55";"p7";"3"
"tr74";"p7";"3"
"tr83";"p7";"6"
"tr93";"p7";"4"
"tr1";"p8";"6"
"tr25";"p8";"1"
"tr26";"p8";"8"
"tr28";"p8";"4"
"tr64";"p8";"8"
"tr66";"p8";"4"
"tr79";"p8";"3"
"tr84";"p8";"10"
"tr92";"p8";"8"
"tr96";"p8";"6"
"tr18";"p9";"4"
"tr41";"p9";"10"
"tr5";"p9";"2"
"tr73";"p9";"7"
"tr76";"p9";"4"
"tr81";"p9";"1"
"tr95";"p9";"9"
